image_id,label
img_ed005410.jpg,Alluvial soil
img_0c5ecd2a.jpg,Alluvial soil
img_ed713bb5.jpg,Alluvial soil
img_12c58874.jpg,Alluvial soil
img_eff357af.jpg,Alluvial soil
img_ebbd4d97.jpeg,Alluvial soil
img_61a4be9b.jpg,Alluvial soil
img_f8ee6267.jpg,Alluvial soil
img_903747fa.jpg,Alluvial soil
img_be9dc251.jpg,Alluvial soil
img_47b2a710.jpg,Alluvial soil
img_92d7778b.jpg,Alluvial soil
img_db1d9b5f.jpg,Alluvial soil
img_6030bc4f.jpg,Alluvial soil
img_dfcfbfe0.jpg,Alluvial soil
img_74efd1ac.jpg,Alluvial soil
img_20987a8c.jpg,Alluvial soil
img_1f23d3f3.jpg,Alluvial soil
img_320c82e1.jpg,Alluvial soil
img_6d534f12.jpg,Alluvial soil
img_5f7e14bc.jpg,Alluvial soil
img_b7b6b32e.jpg,Alluvial soil
img_a2893d09.jpg,Alluvial soil
img_da891064.jpg,Alluvial soil
img_0103e659.jpg,Alluvial soil
img_49c63308.jpg,Alluvial soil
img_56176675.jpg,Alluvial soil
img_3cffd144.jpg,Alluvial soil
img_8ea3e991.jpg,Alluvial soil
img_2fc1e4a4.jpg,Alluvial soil
img_2999ea3d.jpg,Alluvial soil
img_72a35d87.jpg,Alluvial soil
img_a3cd9404.jpeg,Alluvial soil
img_99d52376.jpg,Alluvial soil
img_8e00300b.jpg,Alluvial soil
img_e7979177.jpg,Alluvial soil
img_bd81c98e.jpg,Alluvial soil
img_c0b97a33.jpg,Alluvial soil
img_9f20ddcd.jpg,Alluvial soil
img_88eeaf0f.jpeg,Alluvial soil
img_66cc627d.jpg,Alluvial soil
img_f7163b04.jpg,Alluvial soil
img_bd21a9dc.jpg,Alluvial soil
img_34712a96.jpg,Alluvial soil
img_2a199495.jpg,Alluvial soil
img_2aafb5de.jpg,Alluvial soil
img_517b6ee4.jpg,Alluvial soil
img_4f2d133c.jpg,Alluvial soil
img_b68ce75a.jpg,Alluvial soil
img_a0b46dea.jpg,Alluvial soil
img_24b7f6b2.jpg,Alluvial soil
img_73da875a.jpg,Alluvial soil
img_e8818a57.jpg,Alluvial soil
img_4029a557.jpg,Alluvial soil
img_b5f207a5.jpg,Alluvial soil
img_fe088f63.jpg,Alluvial soil
img_e38c8db0.jpg,Alluvial soil
img_f154cefb.jpg,Alluvial soil
img_a4d3c585.jpg,Alluvial soil
img_b2cc1844.jpg,Alluvial soil
img_73cd5747.jpg,Alluvial soil
img_867f4b3c.jpg,Alluvial soil
img_7e49a666.jpg,Alluvial soil
img_aea66d19.jpg,Alluvial soil
img_60c43a62.jpg,Alluvial soil
img_0899b448.jpg,Alluvial soil
img_b987b9be.jpg,Alluvial soil
img_a7aecb27.png,Alluvial soil
img_2d7d5e33.jpg,Alluvial soil
img_e8d6e178.jpg,Alluvial soil
img_f63e4a86.jpg,Alluvial soil
img_d9f81b3b.jpg,Alluvial soil
img_91b11bf4.jpg,Alluvial soil
img_fd58ac64.jpg,Alluvial soil
img_170fc6f9.jpeg,Alluvial soil
img_1308a2e5.jpg,Alluvial soil
img_cf500fd6.jpg,Alluvial soil
img_5a79b5ca.jpg,Alluvial soil
img_b0173a02.jpg,Alluvial soil
img_8a50f83d.jpg,Alluvial soil
img_af7c1eb3.jpeg,Alluvial soil
img_a7b2dc73.jpeg,Alluvial soil
img_4b51ddd1.jpg,Alluvial soil
img_2bf7adce.jpg,Alluvial soil
img_15d9bfd4.jpg,Alluvial soil
img_5f5e3e71.jpg,Alluvial soil
img_225dfa3d.jpg,Alluvial soil
img_a64ecca8.jpg,Alluvial soil
img_c124ff75.jpg,Alluvial soil
img_4103aba5.jpg,Alluvial soil
img_64625109.jpg,Alluvial soil
img_2f1f894c.jpeg,Alluvial soil
img_dacfe3f9.jpg,Alluvial soil
img_9ca2a4c6.jpg,Alluvial soil
img_2e68860c.jpg,Alluvial soil
img_dbceabbb.jpg,Alluvial soil
img_443bed6b.jpg,Alluvial soil
img_3ced2f7a.jpg,Alluvial soil
img_4c51667f.jpg,Alluvial soil
img_fdab2015.jpg,Alluvial soil
img_a5e3ad84.jpg,Alluvial soil
img_9c82187a.jpg,Alluvial soil
img_a59251a1.jpg,Alluvial soil
img_ff6782ba.jpg,Alluvial soil
img_69c38340.jpg,Alluvial soil
img_4416341a.jpg,Alluvial soil
img_cbbdc7ad.jpg,Alluvial soil
img_cd20475a.jpg,Alluvial soil
img_1f83c127.jpg,Alluvial soil
img_8dfe2fb9.jpg,Alluvial soil
img_b54a02b6.jpg,Alluvial soil
img_753484cb.jpg,Alluvial soil
img_06b5709e.jpeg,Alluvial soil
img_ce7308cf.jpg,Alluvial soil
img_33c49e58.jpg,Alluvial soil
img_257e5d1d.jpg,Alluvial soil
img_ca8da233.jpeg,Alluvial soil
img_259b4d02.jpeg,Alluvial soil
img_aa79520a.jpeg,Alluvial soil
img_9e15fafb.jpeg,Alluvial soil
img_51662dd6.jpg,Alluvial soil
img_c97f9502.jpg,Alluvial soil
img_6137a1d9.jpg,Alluvial soil
img_d8942481.jpg,Alluvial soil
img_9b801ac0.jpg,Alluvial soil
img_4bdf66f2.png,Alluvial soil
img_0e18d07a.jpg,Alluvial soil
img_2cc303a8.jpg,Alluvial soil
img_024be4cd.jpg,Alluvial soil
img_d9bdbd9b.jpg,Alluvial soil
img_1c6a8961.jpg,Alluvial soil
img_23ce4e71.jpg,Alluvial soil
img_2ca8e78e.jpg,Alluvial soil
img_9d07b1c0.jpg,Alluvial soil
img_964dcf2d.jpg,Alluvial soil
img_ffc28025.jpg,Alluvial soil
img_8163dc71.jpg,Alluvial soil
img_63e751f3.jpeg,Alluvial soil
img_65867e93.jpg,Alluvial soil
img_5f4c517a.jpg,Alluvial soil
img_8fb8851b.jpg,Alluvial soil
img_5badf3aa.jpg,Alluvial soil
img_fa69360f.jpg,Alluvial soil
img_292ece4b.jpg,Alluvial soil
img_b7e0f6f2.jpeg,Alluvial soil
img_3096ea8b.jpeg,Alluvial soil
img_2c11a1c9.jpg,Alluvial soil
img_4eab46d6.jpg,Alluvial soil
img_5b1d2962.jpg,Alluvial soil
img_5ca7728f.jpg,Alluvial soil
img_9c656df3.jpg,Alluvial soil
img_5ffec32c.jpg,Alluvial soil
img_bccd8ab1.jpg,Alluvial soil
img_fbdf8405.jpg,Alluvial soil
img_b0b6cccd.jpg,Alluvial soil
img_3ca74d52.jpg,Alluvial soil
img_45aa0e37.jpg,Alluvial soil
img_d8a70a25.jpg,Alluvial soil
img_c715fb9c.jpg,Alluvial soil
img_8cc66d4a.jpg,Alluvial soil
img_a9efd5f4.jpg,Alluvial soil
img_e57322ec.jpg,Alluvial soil
img_fe1e1a88.jpg,Alluvial soil
img_ccc166f7.jpg,Alluvial soil
img_d8b10a1f.jpg,Alluvial soil
img_1d2c640e.jpg,Alluvial soil
img_9a15a90e.jpg,Alluvial soil
img_ba18ef5d.jpg,Alluvial soil
img_b5b6db36.jpg,Alluvial soil
img_01963a95.jpg,Alluvial soil
img_10e013f4.jpg,Alluvial soil
img_6067a566.jpg,Alluvial soil
img_f3c9740d.jpg,Alluvial soil
img_d6011bf8.jpg,Alluvial soil
img_71d3def0.jpg,Alluvial soil
img_09ee8066.jpg,Alluvial soil
img_4ad24251.jpg,Alluvial soil
img_b55fed5a.jpg,Alluvial soil
img_47449a16.jpeg,Alluvial soil
img_130669fe.jpg,Alluvial soil
img_e27b8771.jpeg,Alluvial soil
img_a08e78d4.jpg,Alluvial soil
img_2b19b0b7.jpg,Alluvial soil
img_bf6d2c20.jpg,Alluvial soil
img_073f8fbe.jpg,Alluvial soil
img_563971a7.jpg,Alluvial soil
img_8dc9b604.jpg,Alluvial soil
img_1ca7f988.jpg,Alluvial soil
img_031f2102.jpg,Alluvial soil
img_d7f7bffe.jpg,Alluvial soil
img_06d5c94c.jpg,Alluvial soil
img_27538d15.jpg,Alluvial soil
img_ad52b6cc.jpg,Alluvial soil
img_26134945.jpg,Alluvial soil
img_c3c55ef0.jpg,Alluvial soil
img_16d62a08.jpg,Alluvial soil
img_0661906b.jpg,Alluvial soil
img_237590e1.jpg,Alluvial soil
img_2b33859e.jpg,Alluvial soil
img_15e92253.jpg,Alluvial soil
img_3f58332b.jpg,Alluvial soil
img_d7773fa9.jpg,Alluvial soil
img_0d17b2a6.jpg,Alluvial soil
img_d3921cdd.jpg,Alluvial soil
img_c48e6129.jpg,Alluvial soil
img_4e4a37b3.jpg,Alluvial soil
img_0f687acb.jpg,Alluvial soil
img_7cc5d67b.jpg,Alluvial soil
img_a9b72aab.jpg,Alluvial soil
img_5a6a045d.jpg,Alluvial soil
img_6f43d3da.jpg,Alluvial soil
img_075f28e6.jpg,Alluvial soil
img_3addf563.jpg,Alluvial soil
img_7b1100d9.jpg,Alluvial soil
img_e6953191.jpeg,Alluvial soil
img_216e0e1b.jpg,Alluvial soil
img_ec689f9b.jpg,Alluvial soil
img_8f28afad.jpg,Alluvial soil
img_6d30dbcf.jpg,Alluvial soil
img_be64dbc0.jpg,Alluvial soil
img_5ca5f8a0.jpg,Alluvial soil
img_f9bcc3ed.jpg,Alluvial soil
img_db8d795f.jpg,Alluvial soil
img_92c7ca4d.jpg,Alluvial soil
img_a65f109b.jpg,Alluvial soil
img_a7db8dd3.jpg,Alluvial soil
img_33ebb229.jpg,Alluvial soil
img_0cbbeb9b.jpg,Alluvial soil
img_1c4f9940.jpg,Alluvial soil
img_02885930.jpg,Alluvial soil
img_518fc85c.jpg,Alluvial soil
img_689f56d1.jpg,Alluvial soil
img_5a04776e.jpg,Alluvial soil
img_f45ae7e9.jpg,Alluvial soil
img_518247ee.jpg,Alluvial soil
img_e7632cf4.jpg,Alluvial soil
img_aaa25172.jpeg,Alluvial soil
img_0e152955.jpg,Alluvial soil
img_824ef966.jpg,Alluvial soil
img_b360edad.jpg,Alluvial soil
img_e88dbd84.jpg,Alluvial soil
img_8f248d90.jpg,Alluvial soil
img_e386963b.jpg,Alluvial soil
img_60a04a6c.jpg,Alluvial soil
img_c9dcae04.jpg,Alluvial soil
img_c8639acc.jpg,Alluvial soil
img_c9eb3b91.jpg,Alluvial soil
img_2b7c6a5c.jpg,Alluvial soil
img_387aa96b.jpg,Alluvial soil
img_138ef79b.jpg,Alluvial soil
img_8ddd57d8.jpg,Alluvial soil
img_8812a066.jpeg,Alluvial soil
img_002544b5.jpg,Alluvial soil
img_b05025c4.jpg,Alluvial soil
img_68ffce0e.jpg,Alluvial soil
img_43d2bbea.jpg,Alluvial soil
img_4882a5a0.jpg,Alluvial soil
img_869498e6.jpg,Alluvial soil
img_b904f9d2.jpg,Alluvial soil
img_8c6918a8.jpg,Alluvial soil
img_972bbe89.jpg,Alluvial soil
img_022efd91.jpg,Alluvial soil
img_f33d4c06.jpg,Alluvial soil
img_66111b24.jpg,Alluvial soil
img_a47e6ed6.jpg,Alluvial soil
img_dc9e035a.jpg,Alluvial soil
img_74a1b70a.jpg,Alluvial soil
img_a2b993b1.jpg,Alluvial soil
img_81031cb4.jpg,Alluvial soil
img_7adcab55.jpg,Alluvial soil
img_60ac2511.jpg,Alluvial soil
img_6f5b7c65.jpeg,Alluvial soil
img_0b587b7b.jpg,Alluvial soil
img_781f20a3.jpg,Alluvial soil
img_936ddfbb.jpg,Alluvial soil
img_15bb9ca2.jpg,Alluvial soil
img_39890acb.jpg,Alluvial soil
img_1859187e.jpg,Alluvial soil
img_785f382c.jpg,Alluvial soil
img_35984e09.jpg,Alluvial soil
img_3f2003f7.jpg,Alluvial soil
img_9fc28eac.jpg,Alluvial soil
img_025f35cd.jpg,Alluvial soil
img_2f974f60.jpg,Alluvial soil
img_a01912a3.jpg,Alluvial soil
img_e2efd197.jpg,Alluvial soil
img_7997d98e.jpg,Alluvial soil
img_b763e850.jpg,Alluvial soil
img_674498b7.jpg,Alluvial soil
img_b57d7db5.jpg,Alluvial soil
img_e2c89ecf.jpg,Alluvial soil
img_4060c36b.jpg,Alluvial soil
img_bcfe84c2.jpg,Alluvial soil
img_9829443e.jpg,Alluvial soil
img_41074571.jpg,Alluvial soil
img_315014e2.jpg,Alluvial soil
img_bc9dcefb.jpg,Alluvial soil
img_e9150ccd.jpg,Alluvial soil
img_820d7495.jpeg,Alluvial soil
img_1ea611d3.jpeg,Alluvial soil
img_154fff04.jpg,Alluvial soil
img_0c2b8aa0.jpg,Alluvial soil
img_7f56632f.jpg,Alluvial soil
img_d1cc8861.jpg,Alluvial soil
img_e1023174.jpg,Alluvial soil
img_200c4a39.jpg,Alluvial soil
img_305448c7.jpg,Alluvial soil
img_fd513a2a.jpg,Alluvial soil
img_a8ba7528.jpg,Alluvial soil
img_31fafc06.jpg,Alluvial soil
img_495d32c0.jpg,Alluvial soil
img_e0b83009.jpeg,Alluvial soil
img_dfb5995d.jpg,Alluvial soil
img_8e2a82d7.jpg,Alluvial soil
img_71ef82f9.jpeg,Alluvial soil
img_e3e236a0.jpg,Alluvial soil
img_106b1d91.jpg,Alluvial soil
img_07f80124.jpg,Alluvial soil
img_8d60db62.jpg,Alluvial soil
img_a8c0fdc3.jpg,Alluvial soil
img_f2c77527.jpg,Alluvial soil
img_64a623c5.jpg,Alluvial soil
img_90d77928.jpg,Alluvial soil
img_0ac4aa10.jpg,Alluvial soil
img_be4847ca.jpg,Alluvial soil
img_290db6dc.jpg,Alluvial soil
img_76386dac.jpg,Alluvial soil
img_d3fb5951.jpg,Alluvial soil
img_2b94a126.jpg,Alluvial soil
img_35c2940d.jpg,Alluvial soil
img_644957a3.jpg,Alluvial soil
img_59472b48.jpg,Alluvial soil
img_8edfafe4.jpg,Alluvial soil
img_9bf4b58d.webp,Alluvial soil
img_f867fa8f.jpg,Alluvial soil
img_0f0c1449.jpg,Alluvial soil
img_fbafc1f7.jpg,Alluvial soil
img_735bc694.jpg,Alluvial soil
img_7351b43e.jpg,Alluvial soil
img_b6ce3a90.jpg,Alluvial soil
img_24f620c9.jpg,Alluvial soil
img_cbf979bc.jpeg,Alluvial soil
img_d67490b7.jpg,Alluvial soil
img_fe7576f8.jpg,Alluvial soil
img_88e79d74.jpg,Alluvial soil
img_9fdab967.jpg,Alluvial soil
img_55f4593e.jpg,Alluvial soil
img_2f44c887.jpg,Alluvial soil
img_36c33716.jpg,Alluvial soil
img_e468b2f2.jpg,Alluvial soil
img_d4471d29.jpg,Alluvial soil
img_c821fd91.jpg,Alluvial soil
img_c586fc47.jpg,Alluvial soil
img_f41ea1cc.jpg,Alluvial soil
img_ed18cf00.jpg,Alluvial soil
img_1854e843.jpg,Alluvial soil
img_0aa847a7.jpg,Alluvial soil
img_c7cb29a8.jpg,Alluvial soil
img_9df40ed1.jpg,Alluvial soil
img_115c7321.jpg,Alluvial soil
img_eda6d1e8.jpg,Alluvial soil
img_9b72babc.jpg,Alluvial soil
img_209e8cb8.jpg,Alluvial soil
img_3c4ed833.jpeg,Alluvial soil
img_797e1114.jpg,Alluvial soil
img_00ba638b.jpg,Alluvial soil
img_5edbd608.jpg,Alluvial soil
img_45dba714.jpg,Alluvial soil
img_a242d0b0.jpg,Alluvial soil
img_7e2f417b.jpg,Alluvial soil
img_af4c9c01.jpg,Alluvial soil
img_7b6959d0.jpg,Alluvial soil
img_93a067a7.jpg,Alluvial soil
img_de83050f.jpg,Alluvial soil
img_c314f84c.jpg,Alluvial soil
img_01760b9d.jpg,Alluvial soil
img_7c487363.jpg,Alluvial soil
img_7da16b5b.jpg,Alluvial soil
img_9c32d7a4.jpg,Alluvial soil
img_fed1eec8.jpg,Alluvial soil
img_0ccd4bf1.jpg,Alluvial soil
img_9aff8fbc.jpg,Alluvial soil
img_1892ad0c.jpg,Alluvial soil
img_92463615.jpg,Alluvial soil
img_c68234a7.jpg,Alluvial soil
img_605785db.jpg,Alluvial soil
img_5facce72.jpg,Alluvial soil
img_a8286dc7.jpg,Alluvial soil
img_b04611b3.jpg,Alluvial soil
img_77f048d6.jpg,Alluvial soil
img_1223e949.jpg,Alluvial soil
img_1aac078b.jpg,Alluvial soil
img_c0a5e079.jpeg,Alluvial soil
img_8ec62d12.jpg,Alluvial soil
img_21ef01aa.jpg,Alluvial soil
img_46dd5e3c.jpg,Alluvial soil
img_6057b480.jpg,Alluvial soil
img_f5654cb3.jpg,Alluvial soil
img_d49665bb.jpg,Alluvial soil
img_a8c4ba00.jpg,Alluvial soil
img_c84c5c35.jpg,Alluvial soil
img_85ff21a9.jpg,Alluvial soil
img_b482819e.jpg,Alluvial soil
img_9f15586e.jpg,Alluvial soil
img_71187740.jpg,Alluvial soil
img_3e77505e.jpg,Alluvial soil
img_014b1e8d.jpg,Alluvial soil
img_086d7187.jpg,Alluvial soil
img_bd4a264e.jpg,Alluvial soil
img_2dd4301e.jpg,Alluvial soil
img_13deac35.jpg,Alluvial soil
img_e3f8bb1c.jpg,Alluvial soil
img_24c58c5c.jpg,Alluvial soil
img_565f9f5b.jpg,Alluvial soil
img_239b37af.jpg,Alluvial soil
img_6b138a50.jpg,Alluvial soil
img_3dc56d1b.jpg,Alluvial soil
img_91f72995.jpg,Alluvial soil
img_215a62ed.jpg,Alluvial soil
img_23645a3f.jpg,Alluvial soil
img_f7ca3381.jpg,Alluvial soil
img_2931b952.jpg,Alluvial soil
img_fb76ec77.jpg,Alluvial soil
img_434ecd71.jpg,Alluvial soil
img_e6f6e8a4.jpg,Alluvial soil
img_8796b607.jpg,Alluvial soil
img_a515ac02.jpg,Alluvial soil
img_bf673631.jpg,Alluvial soil
img_5df7b929.jpg,Alluvial soil
img_f6cda644.jpg,Alluvial soil
img_959df789.jpg,Alluvial soil
img_c5c47701.jpg,Alluvial soil
img_850f28ec.webp,Alluvial soil
img_3191e72c.jpeg,Alluvial soil
img_062b0bc4.jpg,Alluvial soil
img_7cf4631f.jpeg,Alluvial soil
img_d4323439.jpg,Alluvial soil
img_6412cbe4.jpg,Alluvial soil
img_46a9f9fe.jpeg,Alluvial soil
img_73310f32.jpg,Alluvial soil
img_f746293b.jpg,Alluvial soil
img_d6866879.jpg,Alluvial soil
img_44aeda3a.jpg,Alluvial soil
img_5f76d3f7.jpg,Alluvial soil
img_f5ddf4a3.jpg,Alluvial soil
img_268169d8.jpg,Alluvial soil
img_63b6613a.jpg,Alluvial soil
img_999260ae.jpg,Alluvial soil
img_43d9f20a.jpg,Alluvial soil
img_e5748cc9.jpg,Alluvial soil
img_69b4e568.jpg,Alluvial soil
img_b925de66.jpg,Alluvial soil
img_1d8910ac.jpg,Alluvial soil
img_317a835a.jpg,Alluvial soil
img_7a28c5f1.jpg,Alluvial soil
img_bced3fff.jpg,Alluvial soil
img_48376e2d.jpg,Alluvial soil
img_bafd9faa.jpeg,Alluvial soil
img_f82a27f6.jpg,Alluvial soil
img_9bbe75da.jpg,Alluvial soil
img_189101ce.jpg,Alluvial soil
img_741e467f.jpg,Alluvial soil
img_bf52ce39.jpeg,Alluvial soil
img_4dcd4856.jpeg,Alluvial soil
img_fe6b4f41.jpeg,Alluvial soil
img_4a4320fe.jpg,Alluvial soil
img_b54541d8.jpg,Alluvial soil
img_822740f7.jpeg,Alluvial soil
img_fc685c25.jpg,Alluvial soil
img_696095ac.jpeg,Alluvial soil
img_f2ac106b.jpg,Alluvial soil
img_4dcbcf73.jpg,Alluvial soil
img_061a20fe.jpg,Alluvial soil
img_a1abefd1.jpg,Alluvial soil
img_023fb04c.jpg,Alluvial soil
img_5cc909b5.jpg,Alluvial soil
img_5e0bb865.jpg,Alluvial soil
img_15a5b300.jpg,Alluvial soil
img_5049fe58.jpg,Alluvial soil
img_d393da7e.jpg,Alluvial soil
img_62e3d380.jpg,Alluvial soil
img_622d25fd.webp,Alluvial soil
img_88b4af41.jpg,Alluvial soil
img_0f5ba850.jpg,Alluvial soil
img_f34ddd22.jpg,Alluvial soil
img_344e94fa.jpg,Alluvial soil
img_b175d391.jpg,Alluvial soil
img_843b6516.jpg,Alluvial soil
img_761a800d.jpg,Alluvial soil
img_b427140a.jpg,Alluvial soil
img_d7dd2bda.jpg,Alluvial soil
img_7409e62f.jpg,Alluvial soil
img_f4a2da20.jpg,Alluvial soil
img_b5d939b3.jpg,Alluvial soil
img_986f7f54.jpg,Alluvial soil
img_7c387b9b.jpg,Alluvial soil
img_f5b59be0.jpg,Alluvial soil
img_c6898d07.jpg,Alluvial soil
img_595ca0ae.jpg,Alluvial soil
img_b4fad0f6.jpg,Alluvial soil
img_d2984cab.jpg,Alluvial soil
img_3791a600.jpg,Alluvial soil
img_bebf4fa0.jpeg,Alluvial soil
img_872de6ea.jpg,Alluvial soil
img_1b28b7bf.jpg,Alluvial soil
img_46964e98.jpg,Alluvial soil
img_51c52b36.jpeg,Alluvial soil
img_5a7230f8.jpg,Alluvial soil
img_96c8d19c.jpg,Alluvial soil
img_40242675.jpg,Alluvial soil
img_99a5dde4.jpg,Alluvial soil
img_6a37aecb.jpg,Alluvial soil
img_cfeb716e.jpg,Alluvial soil
img_d69ca188.jpg,Alluvial soil
img_abb86a01.jpg,Alluvial soil
img_db8e40b2.jpg,Alluvial soil
img_0fc365d6.jpg,Alluvial soil
img_8c17e653.jpg,Alluvial soil
img_e2cf3f6a.jpg,Alluvial soil
img_e9f1d910.jpeg,Alluvial soil
img_6005e33e.jpg,Alluvial soil
img_c5730878.jpg,Alluvial soil
img_d23df0b8.jpg,Alluvial soil
img_5f3c6ce8.jpg,Alluvial soil
img_8282b945.jpg,Alluvial soil
img_d40d6b95.jpg,Alluvial soil
img_cfc4e1cb.jpg,Alluvial soil
img_c38c27b0.jpg,Alluvial soil
img_dd711fab.jpg,Clay soil
img_9955ba9a.jpg,Clay soil
img_24a1cff1.jpg,Clay soil
img_ad638fd4.jpg,Clay soil
img_4a72d764.jpg,Clay soil
img_01eb27c3.jpg,Clay soil
img_d526e658.jpg,Clay soil
img_6e292ade.jpg,Clay soil
img_93066264.jpg,Clay soil
img_e25ce51a.jpg,Clay soil
img_a74c86b4.jpg,Clay soil
img_8dd872b3.jpg,Clay soil
img_6b768dfa.jpg,Clay soil
img_88952018.jpg,Clay soil
img_af7f0e99.jpg,Clay soil
img_08407cb5.jpg,Clay soil
img_0be54185.jpg,Clay soil
img_e41a5fd5.jpg,Clay soil
img_b7f6cb53.jpg,Clay soil
img_99a9bd4e.jpg,Clay soil
img_a3a990ce.jpg,Clay soil
img_f2d1608a.jpg,Clay soil
img_2dc11ca2.jpg,Clay soil
img_6b80598f.jpg,Clay soil
img_0db63c5f.jpg,Clay soil
img_bd1bb46a.jpg,Clay soil
img_ad53e33a.jpg,Clay soil
img_cc60b7b3.jpg,Clay soil
img_5b121fdc.jpeg,Clay soil
img_998db57d.jpg,Clay soil
img_78d5743e.jpg,Clay soil
img_0e952a7c.jpg,Clay soil
img_30ab8caf.jpg,Clay soil
img_79f20d22.jpg,Clay soil
img_51314f22.jpg,Clay soil
img_01b06d1b.jpg,Clay soil
img_99365056.jpg,Clay soil
img_e9e7dff7.jpg,Clay soil
img_392b2603.jpg,Clay soil
img_2b4dc3a4.jpg,Clay soil
img_27a67fd0.jpg,Clay soil
img_f57a63d9.jpg,Clay soil
img_408e943c.jpg,Clay soil
img_8dfdec2e.jpg,Clay soil
img_6c0ba90a.jpg,Clay soil
img_c78ff80d.jpg,Clay soil
img_4d9c92df.jpg,Clay soil
img_bc442ca9.jpg,Clay soil
img_1708d13c.jpg,Clay soil
img_3ae91556.jpg,Clay soil
img_ecf0d18a.jpeg,Clay soil
img_2fdb70a1.jpg,Clay soil
img_aff8fb77.jpg,Clay soil
img_60f71041.png,Clay soil
img_9b931601.jpg,Clay soil
img_8508a3c7.jpg,Clay soil
img_58a5ec96.jpg,Clay soil
img_1c7afcc5.jpg,Clay soil
img_a333a998.jpg,Clay soil
img_64d5df3c.jpg,Clay soil
img_79eb6ed5.jpg,Clay soil
img_27259a99.jpeg,Clay soil
img_0c798a36.jpg,Clay soil
img_b76d9a00.jpg,Clay soil
img_0d0c2d60.jpeg,Clay soil
img_eb163d36.jpg,Clay soil
img_0cb43d24.jpg,Clay soil
img_34f62285.jpg,Clay soil
img_b4808fe4.jpg,Clay soil
img_15c3ff99.jpg,Clay soil
img_fbb6d426.jpg,Clay soil
img_19faec58.jpg,Clay soil
img_b66133eb.jpg,Clay soil
img_2a045874.jpg,Clay soil
img_cc217d68.jpg,Clay soil
img_8cd5e2e6.jpg,Clay soil
img_032cd129.jpg,Clay soil
img_e54a5573.jpg,Clay soil
img_b5d8d088.jpg,Clay soil
img_410d5a99.jpg,Clay soil
img_005e8551.jpg,Clay soil
img_593a1f95.jpg,Clay soil
img_831af63a.png,Clay soil
img_0db3d3d1.jpg,Clay soil
img_01d3e540.jpg,Clay soil
img_f640f275.jpg,Clay soil
img_b323b54f.jpg,Clay soil
img_018a9974.jpg,Clay soil
img_748a4ae8.jpg,Clay soil
img_ce2af552.jpg,Clay soil
img_72f10347.jpg,Clay soil
img_ed35c0e2.jpg,Clay soil
img_cf9901a9.jpg,Clay soil
img_03e7da23.jpg,Clay soil
img_7dee1c6b.jpg,Clay soil
img_f5c83eb2.jpg,Clay soil
img_22b5eb9c.jpg,Clay soil
img_cef865c8.jpg,Clay soil
img_d8074f14.jpg,Clay soil
img_3b3d22d7.jpg,Clay soil
img_10ca8043.jpg,Clay soil
img_000b2d34.jpg,Clay soil
img_b31fc998.jpg,Clay soil
img_c5a5f846.jpg,Clay soil
img_ce9517c2.jpg,Clay soil
img_171e50b3.jpg,Clay soil
img_5c7b42b0.jpeg,Clay soil
img_d99e61f3.jpg,Clay soil
img_f26a8e8d.jpg,Clay soil
img_974a5fa4.jpg,Clay soil
img_f69ebb7e.jpg,Clay soil
img_379f3bcf.jpg,Clay soil
img_896343b5.jpg,Clay soil
img_5e840a03.jpg,Clay soil
img_54c7a667.jpg,Clay soil
img_2fa79cdb.jpg,Clay soil
img_f59e86d7.jpg,Clay soil
img_e21eb89b.jpg,Clay soil
img_efbaa016.jpg,Clay soil
img_99c92be8.jpg,Clay soil
img_9be88c00.jpg,Clay soil
img_945aea22.jpg,Clay soil
img_1cab6f88.jpg,Clay soil
img_a9eaebac.jpg,Clay soil
img_bc8c06e7.jpg,Clay soil
img_e7229e37.jpg,Clay soil
img_731f08fe.jpg,Clay soil
img_43c82721.jpg,Clay soil
img_3a1c7308.jpg,Clay soil
img_ef32e160.jpg,Clay soil
img_92655e16.jpg,Clay soil
img_f87deeb5.jpg,Clay soil
img_7c4cb0a9.jpg,Clay soil
img_97911f10.jpg,Clay soil
img_7dc13a0c.jpg,Clay soil
img_c390f789.jpg,Clay soil
img_15ab0d1b.jpeg,Clay soil
img_ee9c24ca.jpg,Clay soil
img_6542193f.jpg,Clay soil
img_868f6700.jpg,Clay soil
img_036baf68.jpg,Clay soil
img_053ea43d.jpg,Clay soil
img_a58543a0.jpg,Clay soil
img_b23811aa.jpg,Clay soil
img_8ab64a16.jpg,Clay soil
img_9d5837d4.jpg,Clay soil
img_55926609.jpg,Clay soil
img_60fbf599.jpeg,Clay soil
img_46a6b157.jpg,Clay soil
img_3ea987af.jpg,Clay soil
img_6d1bddbc.jpg,Clay soil
img_507b37ef.jpeg,Clay soil
img_dc8d7899.jpg,Clay soil
img_0ea38946.jpg,Clay soil
img_d6fa975d.jpg,Clay soil
img_a111efc3.jpg,Clay soil
img_dd942bc6.jpg,Clay soil
img_ff0eedfd.jpg,Clay soil
img_31819332.jpg,Clay soil
img_443ccc42.jpg,Clay soil
img_27b917f5.jpg,Clay soil
img_ca6f05c3.jpg,Clay soil
img_03ca3712.jpg,Clay soil
img_bf27dd53.jpg,Clay soil
img_54df0de6.jpg,Clay soil
img_1f6a3d8a.jpg,Clay soil
img_e4e6170a.jpg,Clay soil
img_17412b79.jpg,Clay soil
img_569fba0e.jpg,Clay soil
img_44d93f83.jpg,Clay soil
img_9d2bd514.jpg,Clay soil
img_d8869250.jpeg,Clay soil
img_c5ad9a8f.jpg,Clay soil
img_5d65eae8.jpg,Clay soil
img_88440142.jpg,Clay soil
img_7db62ecc.jpg,Clay soil
img_9f66b3e4.jpg,Clay soil
img_d0f08153.jpg,Clay soil
img_89fc458f.jpg,Clay soil
img_0a902114.jpg,Clay soil
img_6893e395.jpg,Clay soil
img_6fa5e277.jpg,Clay soil
img_415bdcec.jpg,Clay soil
img_7c647425.jpg,Clay soil
img_ab6e0a7e.jpg,Clay soil
img_c0060941.jpg,Clay soil
img_3eb406a2.jpg,Clay soil
img_9def4455.jpg,Clay soil
img_a2af3a74.jpg,Clay soil
img_36294829.jpg,Clay soil
img_706d78d6.jpeg,Clay soil
img_9c977861.jpg,Clay soil
img_e1ecdc0e.jpg,Clay soil
img_0b41b968.jpeg,Clay soil
img_307f1823.jpg,Clay soil
img_39b6816e.jpg,Clay soil
img_d68f51b4.jpg,Clay soil
img_b95fa763.jpg,Clay soil
img_693a7112.jpg,Clay soil
img_5a18f044.jpg,Red soil
img_e3b0d079.jpg,Red soil
img_51068105.jpg,Red soil
img_3f756e94.jpg,Red soil
img_436215b8.jpg,Red soil
img_152f1966.jpg,Red soil
img_e3c85be7.jpeg,Red soil
img_45ab4482.jpeg,Red soil
img_128ef878.jpg,Red soil
img_51bd5279.jpg,Red soil
img_636f4106.jpg,Red soil
img_96a61f02.jpg,Red soil
img_6921193a.jpg,Red soil
img_b7b170f2.jpg,Red soil
img_b46efa76.png,Red soil
img_024ea25f.jpg,Red soil
img_32af671f.jpg,Red soil
img_35e442a1.jpg,Red soil
img_49c0630d.jpg,Red soil
img_1a2d0698.jpg,Red soil
img_e9e63c72.jpg,Red soil
img_4848cf60.jpg,Red soil
img_f038fdda.jpg,Red soil
img_13c93e22.jpg,Red soil
img_f05dc6cf.jpg,Red soil
img_2e644c21.jpg,Red soil
img_0fec5fba.jpeg,Red soil
img_50ad69e9.jpeg,Red soil
img_7e738188.jpeg,Red soil
img_8a7f4621.jpg,Red soil
img_fb9f79da.jpeg,Red soil
img_350ccac1.jpg,Red soil
img_5761c132.jpg,Red soil
img_70595be2.jpg,Red soil
img_fda8384c.jpg,Red soil
img_5ccacb4f.jpg,Red soil
img_d29aeb29.jpg,Red soil
img_d181524e.jpg,Red soil
img_a097c846.jpg,Red soil
img_c32a1d00.jpg,Red soil
img_792745ef.jpg,Red soil
img_06ab1c0e.jpg,Red soil
img_76d91692.jpg,Red soil
img_a72ce459.jpeg,Red soil
img_b750a320.jpg,Red soil
img_57392c99.jpg,Red soil
img_0d668b20.jpg,Red soil
img_7d3ed674.jpeg,Red soil
img_208a80b9.jpg,Red soil
img_370b1935.jpeg,Red soil
img_539d7036.jpg,Red soil
img_3e7fbf3e.jpg,Red soil
img_24963541.jpg,Red soil
img_3fc6512e.jpg,Red soil
img_bab81648.jpg,Red soil
img_e80e4a93.jpg,Red soil
img_897aca78.jpg,Red soil
img_b0e2337e.jpg,Red soil
img_918d9834.jpeg,Red soil
img_d0e3e1ea.jpeg,Red soil
img_42d95853.jpg,Red soil
img_98c3df80.jpg,Red soil
img_e55247f8.jpg,Red soil
img_d0928f50.jpg,Red soil
img_23b4e7af.jpg,Red soil
img_9e3250d2.jpeg,Red soil
img_06d78681.jpg,Red soil
img_42ac59dd.jpg,Red soil
img_b4926e63.jpg,Red soil
img_5e70c4c2.jpg,Red soil
img_00e908a5.jpg,Red soil
img_febe3434.jpeg,Red soil
img_dd3432a4.jpeg,Red soil
img_e066121a.jpg,Red soil
img_a5782cb4.jpg,Red soil
img_68d5cdd3.jpg,Red soil
img_673a7708.jpg,Red soil
img_ed9ba5bd.gif,Red soil
img_916171f6.jpg,Red soil
img_72e83a3d.jpg,Red soil
img_dadc424f.jpg,Red soil
img_dce4e494.jpg,Red soil
img_00317510.jpg,Red soil
img_4effbb6a.jpg,Red soil
img_a7461300.jpg,Red soil
img_15cfde43.jpg,Red soil
img_6e600345.jpg,Red soil
img_af9a4101.jpg,Red soil
img_abc915c6.jpg,Red soil
img_0ba66119.jpg,Red soil
img_923fc79a.gif,Red soil
img_a16b5bc2.jpg,Red soil
img_997b9eb9.jpg,Red soil
img_bf9d2634.jpg,Red soil
img_43619511.jpg,Red soil
img_76db3f97.jpg,Red soil
img_5c393ded.jpg,Red soil
img_a5500074.jpg,Red soil
img_089078de.jpg,Red soil
img_959a3370.jpg,Red soil
img_825a6182.jpeg,Red soil
img_493ab595.jpeg,Red soil
img_d1f26fb7.jpg,Red soil
img_a37a0f96.jpeg,Red soil
img_6da6e878.jpg,Red soil
img_79703d2e.jpg,Red soil
img_d1c3d91d.jpg,Red soil
img_8f30eecd.jpg,Red soil
img_09ce57b8.jpg,Red soil
img_ed12bf66.jpg,Red soil
img_873bbb2d.jpg,Red soil
img_11084c35.jpg,Red soil
img_285c838d.jpg,Red soil
img_ba0e5f98.jpg,Red soil
img_08b35dff.jpg,Red soil
img_05974030.jpg,Red soil
img_7e10631e.jpg,Red soil
img_36962a7f.jpeg,Red soil
img_97d84f5a.jpg,Red soil
img_256b079a.jpg,Red soil
img_7e09c6e4.jpg,Red soil
img_a7aa1ecd.jpg,Red soil
img_224644d2.jpg,Red soil
img_7d3202be.jpg,Red soil
img_bd5b91f1.jpg,Red soil
img_4dedd121.jpeg,Red soil
img_5bdc4a4c.jpg,Red soil
img_0a713555.jpg,Red soil
img_b49f4e87.jpg,Red soil
img_c3bf2c64.jpg,Red soil
img_bfab6d8d.jpg,Red soil
img_c4cd0da3.jpg,Red soil
img_c4ae04c7.jpg,Red soil
img_5737b4df.jpg,Red soil
img_a3df6aa4.jpeg,Red soil
img_0754f6a8.jpg,Red soil
img_5b780d43.jpg,Red soil
img_dfac6d9d.jpg,Red soil
img_4df133fb.jpg,Red soil
img_067f330a.jpg,Red soil
img_8a2801a1.jpg,Red soil
img_f20a2322.jpeg,Red soil
img_adaa2c0c.jpg,Red soil
img_d9cab8b9.jpg,Red soil
img_3309bdaa.jpg,Red soil
img_d0fa4e22.jpg,Red soil
img_996307f8.jpg,Red soil
img_8e60c4df.jpg,Red soil
img_0670e957.jpg,Red soil
img_844fd3cd.jpg,Red soil
img_776ad645.jpg,Red soil
img_077d7851.jpg,Red soil
img_c7ba2a67.jpg,Red soil
img_1bb5bc8d.jpg,Red soil
img_8fdd42ae.jpg,Red soil
img_b6b8d521.jpg,Red soil
img_266e67b9.jpg,Red soil
img_db3ab2be.jpg,Red soil
img_2e289d18.jpg,Red soil
img_1753e907.jpg,Red soil
img_73824ae9.jpg,Red soil
img_baffdf14.jpg,Red soil
img_7f8f673c.jpg,Red soil
img_b1ea09fd.jpeg,Red soil
img_18775cef.jpg,Red soil
img_4b5b36f1.jpg,Red soil
img_6cf7c744.jpg,Red soil
img_19136b12.jpg,Red soil
img_4b62f891.jpeg,Red soil
img_10b71234.jpeg,Red soil
img_59f91867.jpg,Red soil
img_7003c0b9.jpg,Red soil
img_1a71c549.jpg,Red soil
img_68f6b58f.jpg,Red soil
img_db5f2735.jpg,Red soil
img_8c26747a.jpg,Red soil
img_176bb40b.jpeg,Red soil
img_2aea6d55.jpg,Red soil
img_60ad3397.jpeg,Red soil
img_6eea37a6.jpg,Red soil
img_79b7f773.jpg,Red soil
img_fbe6b18e.jpeg,Red soil
img_1d31249e.jpg,Red soil
img_5d35ed5c.jpeg,Red soil
img_83d433d2.jpg,Red soil
img_20bc95fc.jpeg,Red soil
img_7b328b0b.jpg,Red soil
img_805d4f60.jpg,Red soil
img_d3fca5b8.jpg,Red soil
img_30fe53bd.jpg,Red soil
img_6f9b6311.jpg,Red soil
img_796b7352.jpg,Red soil
img_bdc13a37.jpg,Red soil
img_94db428a.jpg,Red soil
img_821a6521.jpg,Red soil
img_59e407a6.jpg,Red soil
img_de1344ee.jpeg,Red soil
img_2ef2634d.jpg,Red soil
img_f1880ddb.jpg,Red soil
img_e2c3a003.jpg,Red soil
img_bf8fc5b4.jpg,Red soil
img_f753b908.jpg,Red soil
img_138efd41.jpg,Red soil
img_42f05656.jpg,Red soil
img_3bddd7f6.jpg,Red soil
img_9f91569c.jpg,Red soil
img_31be5bb1.jpg,Red soil
img_b78335df.jpg,Red soil
img_4f038176.jpg,Red soil
img_7c75f0bd.jpg,Red soil
img_306f6b2d.jpg,Red soil
img_55465bce.jpg,Red soil
img_726662f1.jpg,Red soil
img_8faab348.jpg,Red soil
img_6fc51185.jpg,Red soil
img_01a18016.jpg,Red soil
img_6e1ef36a.jpg,Red soil
img_c46adea7.jpg,Red soil
img_a2758805.jpg,Red soil
img_29d43056.jpg,Red soil
img_a8772b9c.jpg,Red soil
img_19d66b0d.jpeg,Red soil
img_bdcacdbc.jpg,Red soil
img_6a915872.jpg,Red soil
img_3050f4cb.png,Red soil
img_b97e9656.jpg,Red soil
img_94728e96.jpeg,Red soil
img_d4e89075.jpg,Red soil
img_5c79971c.jpg,Red soil
img_1c02817b.jpg,Red soil
img_e69fd8a4.jpg,Red soil
img_05119844.jpeg,Red soil
img_625aecac.jpg,Red soil
img_39dc2dd7.jpg,Red soil
img_8c6e737c.jpeg,Red soil
img_99dd0c1f.jpg,Red soil
img_1dc5fb41.jpeg,Red soil
img_3d782e64.jpg,Red soil
img_8199b113.jpg,Red soil
img_d5a3ee11.jpg,Red soil
img_21a7ddef.jpg,Red soil
img_55309ad0.jpg,Red soil
img_1344a0e5.jpg,Red soil
img_3070c3aa.jpg,Red soil
img_51396f76.jpg,Red soil
img_3d325c6c.jpg,Red soil
img_c6762c77.jpg,Red soil
img_4573e922.jpg,Red soil
img_ba9bc119.jpeg,Red soil
img_d9f42d31.jpg,Red soil
img_51a0d61e.jpg,Red soil
img_bb085983.jpg,Red soil
img_bfc65b55.jpg,Red soil
img_6d7d0ead.jpeg,Red soil
img_67ab30d6.jpg,Red soil
img_1cbd9390.jpg,Red soil
img_9c9f6951.jpg,Red soil
img_f384950a.jpg,Red soil
img_c568e2eb.jpg,Red soil
img_595e0099.jpeg,Red soil
img_ddc7af4a.jpg,Red soil
img_75003cfe.jpg,Red soil
img_5b0895e5.jpg,Red soil
img_09bc2967.jpg,Red soil
img_62bbb98a.jpg,Black Soil
img_cc19756b.jpg,Black Soil
img_4d5e311d.jpg,Black Soil
img_acabb5e2.jpg,Black Soil
img_fa948070.jpg,Black Soil
img_563bdadd.jpg,Black Soil
img_367576ba.jpg,Black Soil
img_58262d58.jpg,Black Soil
img_e2e8afd0.webp,Black Soil
img_ca18cfdb.jpg,Black Soil
img_245af7de.jpg,Black Soil
img_35338fa8.jpg,Black Soil
img_d983c6ac.jpg,Black Soil
img_bac85723.jpg,Black Soil
img_e10e51b5.jpg,Black Soil
img_180e48db.jpg,Black Soil
img_009a3c89.jpg,Black Soil
img_305b70cc.jpg,Black Soil
img_5735309e.jpg,Black Soil
img_6960350c.jpg,Black Soil
img_9da049f9.jpg,Black Soil
img_5afb2c7d.jpg,Black Soil
img_67d5dcf4.jpg,Black Soil
img_70678257.jpg,Black Soil
img_6ac5743c.jpg,Black Soil
img_9f047706.jpg,Black Soil
img_efb8050c.jpg,Black Soil
img_f134b5b9.jpg,Black Soil
img_e083693d.jpg,Black Soil
img_19025400.jpg,Black Soil
img_3e2e19c6.jpg,Black Soil
img_610fe3aa.jpg,Black Soil
img_779c3955.jpg,Black Soil
img_efe7b78d.jpg,Black Soil
img_cbbe7dff.jpg,Black Soil
img_91fb6d54.jpg,Black Soil
img_f9b0b4a7.jpg,Black Soil
img_cdf7362c.jpg,Black Soil
img_0a7ef3bc.jpg,Black Soil
img_abfcb305.jpg,Black Soil
img_f278cecf.jpg,Black Soil
img_7301b67e.jpg,Black Soil
img_6b9be8ee.jpg,Black Soil
img_2d5911bd.webp,Black Soil
img_dc741535.jpg,Black Soil
img_a8a5a884.jpg,Black Soil
img_90de7230.jpg,Black Soil
img_ec24c9bf.jpg,Black Soil
img_a9c60074.jpg,Black Soil
img_3fcd02e7.jpg,Black Soil
img_e48dfef4.jpg,Black Soil
img_8f661b0d.jpg,Black Soil
img_10cb5609.jpg,Black Soil
img_eb4e7a07.jpg,Black Soil
img_5b436b84.jpg,Black Soil
img_22b8d948.jpg,Black Soil
img_fbc9cf4d.jpg,Black Soil
img_6deca21d.jpg,Black Soil
img_f46444e1.jpg,Black Soil
img_85df987f.jpg,Black Soil
img_f65ccfef.jpg,Black Soil
img_a61166e5.jpg,Black Soil
img_7683f67b.jpg,Black Soil
img_fc54e196.jpg,Black Soil
img_6b19ba7e.jpg,Black Soil
img_1b1eb19b.jpg,Black Soil
img_856ab8d7.jpg,Black Soil
img_0e0fe7f7.jpg,Black Soil
img_e4370fcb.jpg,Black Soil
img_38bfe1db.jpg,Black Soil
img_9f742a11.jpg,Black Soil
img_802604ec.jpg,Black Soil
img_0efd779d.jpg,Black Soil
img_9e0912d3.jpg,Black Soil
img_4e2116c7.jpg,Black Soil
img_3d251deb.jpg,Black Soil
img_d64a9cfe.jpg,Black Soil
img_fcc4f2eb.jpg,Black Soil
img_76cadce6.jpg,Black Soil
img_e1e1006a.jpg,Black Soil
img_4e5d044b.jpg,Black Soil
img_32c0e35b.jpg,Black Soil
img_d4bd06a6.jpg,Black Soil
img_799307e7.jpg,Black Soil
img_a663fd4c.jpg,Black Soil
img_9c547df0.jpg,Black Soil
img_d246b5d3.jpg,Black Soil
img_725a6617.jpg,Black Soil
img_b7142d59.jpg,Black Soil
img_748e13a0.jpg,Black Soil
img_58806628.jpg,Black Soil
img_66485808.jpg,Black Soil
img_72eda716.jpg,Black Soil
img_2a20ef84.jpg,Black Soil
img_0b36eb63.jpg,Black Soil
img_e608d0fc.jpg,Black Soil
img_20fad851.jpg,Black Soil
img_c84eed10.jpg,Black Soil
img_e15cf9ad.webp,Black Soil
img_ff3635a0.jpg,Black Soil
img_70306282.jpg,Black Soil
img_b7277733.jpg,Black Soil
img_05c2d859.jpg,Black Soil
img_64a67147.jpg,Black Soil
img_a9b71c68.jpg,Black Soil
img_a6146dfc.jpg,Black Soil
img_56721f10.jpg,Black Soil
img_8abdb9f7.jpg,Black Soil
img_949b9459.jpg,Black Soil
img_6d01dd31.jpg,Black Soil
img_eaf611d1.jpg,Black Soil
img_3b5c3aa6.jpg,Black Soil
img_13898feb.jpg,Black Soil
img_2f0796ae.jpg,Black Soil
img_22b9080b.jpg,Black Soil
img_4021b6aa.jpg,Black Soil
img_3319b5ff.jpg,Black Soil
img_b70e92e2.jpg,Black Soil
img_38294df5.jpg,Black Soil
img_ca2762af.jpg,Black Soil
img_818105eb.jpg,Black Soil
img_ae67e4d3.jpg,Black Soil
img_a126a16b.jpg,Black Soil
img_3f3f7d69.jpg,Black Soil
img_d5d656e1.jpg,Black Soil
img_5f8c00b4.jpg,Black Soil
img_06fa6cf1.jpg,Black Soil
img_83dbd6d9.jpg,Black Soil
img_a8843123.jpg,Black Soil
img_88c9d29a.jpg,Black Soil
img_b326fb12.jpg,Black Soil
img_133bbfb9.jpg,Black Soil
img_1fdde539.jpg,Black Soil
img_c6daceec.jpg,Black Soil
img_594ce9fa.jpg,Black Soil
img_8116a600.jpg,Black Soil
img_00e487ce.jpg,Black Soil
img_af7f1c58.jpg,Black Soil
img_dd86fa78.jpg,Black Soil
img_6ead6183.jpg,Black Soil
img_1ef0f270.jpg,Black Soil
img_edf3cd0d.jpg,Black Soil
img_4f3cc96c.jpg,Black Soil
img_53880881.jpg,Black Soil
img_e062a25a.jpg,Black Soil
img_a0e474ad.jpg,Black Soil
img_39f213c3.jpg,Black Soil
img_d1813091.jpg,Black Soil
img_46917feb.jpg,Black Soil
img_e0c47e2d.jpg,Black Soil
img_080bf6f6.jpg,Black Soil
img_dc7fc32c.jpg,Black Soil
img_2428832c.jpg,Black Soil
img_95fb848f.jpeg,Black Soil
img_7805329e.jpg,Black Soil
img_a60981be.jpg,Black Soil
img_15eea05e.jpg,Black Soil
img_79fd1683.jpg,Black Soil
img_992c940d.jpg,Black Soil
img_5a88acf2.jpg,Black Soil
img_58f41e29.jpg,Black Soil
img_aae616b9.jpg,Black Soil
img_9586696e.jpg,Black Soil
img_c746f9bd.jpg,Black Soil
img_5e17431c.jpg,Black Soil
img_d6fc641a.jpg,Black Soil
img_d0d90e10.jpg,Black Soil
img_3bc42b6e.jpg,Black Soil
img_115cbef7.jpg,Black Soil
img_5398f782.jpg,Black Soil
img_d91bd421.jpg,Black Soil
img_562933f5.jpg,Black Soil
img_95a6315b.jpg,Black Soil
img_5526a41f.jpg,Black Soil
img_f0419242.jpg,Black Soil
img_6a66a730.jpg,Black Soil
img_c26c3dc0.jpg,Black Soil
img_ccf99548.jpg,Black Soil
img_0d5fd034.jpg,Black Soil
img_6fce4b6c.jpg,Black Soil
img_61f54356.jpg,Black Soil
img_337839f0.jpg,Black Soil
img_c55ab208.jpg,Black Soil
img_b03bcbda.jpg,Black Soil
img_b8f6e297.jpg,Black Soil
img_4f6a37cb.jpg,Black Soil
img_5f93b4f5.jpg,Black Soil
img_ea0cb0dc.jpg,Black Soil
img_3dacae65.jpg,Black Soil
img_45b37146.jpg,Black Soil
img_d09e780e.jpg,Black Soil
img_9844c169.jpg,Black Soil
img_da2dd903.jpg,Black Soil
img_89a48db3.jpg,Black Soil
img_5ae32f56.jpg,Black Soil
img_79ade200.jpg,Black Soil
img_dcac20e5.jpeg,Black Soil
img_14c00744.jpg,Black Soil
img_f491248f.jpg,Black Soil
img_15966040.jpg,Black Soil
img_d3891c5e.jpg,Black Soil
img_8cb88ad5.jpg,Black Soil
img_5dcd9706.jpg,Black Soil
img_768ba5f0.jpg,Black Soil
img_434789c6.jpg,Black Soil
img_91fb0691.jpg,Black Soil
img_d1d47d55.jpg,Black Soil
img_a9ac3969.jpg,Black Soil
img_eaf26f75.jpg,Black Soil
img_11c0f907.jpg,Black Soil
img_fd3d42d8.jpg,Black Soil
img_080614e6.jpg,Black Soil
img_a45d3707.jpg,Black Soil
img_e309777f.jpg,Black Soil
img_3b214381.jpeg,Black Soil
img_38e387e6.jpg,Black Soil
img_1528fd3d.jpg,Black Soil
img_af68a2f7.jpg,Black Soil
img_b20517e3.jpg,Black Soil
img_e6ebb3fb.jpg,Black Soil
img_527f28f7.jpg,Black Soil
img_624ba670.jpg,Black Soil
img_ae4f0d52.jpg,Black Soil
img_cac78a29.jpg,Black Soil
img_2be9a315.jpg,Black Soil
img_6e5fc340.jpg,Black Soil
img_9ae546bd.jpg,Black Soil
img_6e0b1b7c.jpg,Black Soil
img_5c4372f8.jpg,Black Soil
img_6f5bf9d2.jpg,Black Soil
img_c14dbbd0.jpg,Black Soil
100cb.jpg,Alluvial soil
101cb.jpg,Alluvial soil
102cb.jpg,Alluvial soil
103cb.jpg,Alluvial soil
104cb.jpg,Alluvial soil
105cb.jpg,Alluvial soil
106cb.jpg,Alluvial soil
107cb.jpg,Alluvial soil
108cb.jpg,Alluvial soil
109cb.jpg,Alluvial soil
10cb.jpg,Alluvial soil
110cb.jpg,Alluvial soil
111cb.jpg,Alluvial soil
112cb.jpg,Alluvial soil
113cb.jpg,Alluvial soil
114cb.jpg,Alluvial soil
115cb.jpg,Alluvial soil
116cb.jpg,Alluvial soil
117cb.jpg,Alluvial soil
118cb.jpg,Alluvial soil
119cb.jpg,Alluvial soil
11cb.jpg,Alluvial soil
120cb.jpg,Alluvial soil
121cb.jpg,Alluvial soil
122cb.jpg,Alluvial soil
123cb.jpg,Alluvial soil
124cb.jpg,Alluvial soil
125cb.jpg,Alluvial soil
126cb.jpg,Alluvial soil
127cb.jpg,Alluvial soil
128cb.jpg,Alluvial soil
129cb.jpg,Alluvial soil
12cb.jpg,Alluvial soil
130cb.jpg,Alluvial soil
131cb.jpg,Alluvial soil
132cb.jpg,Alluvial soil
133cb.jpg,Alluvial soil
134cb.jpg,Alluvial soil
135cb.jpg,Alluvial soil
136cb.jpg,Alluvial soil
137cb.jpg,Alluvial soil
138cb.jpg,Alluvial soil
139cb.jpg,Alluvial soil
13cb.jpg,Alluvial soil
140cb.jpg,Alluvial soil
141cb.jpg,Alluvial soil
142cb.jpg,Alluvial soil
143cb.jpg,Alluvial soil
144cb.jpg,Alluvial soil
145cb.jpg,Alluvial soil
146cb.jpg,Alluvial soil
147cb.jpg,Alluvial soil
148cb.jpg,Alluvial soil
149cb.jpg,Alluvial soil
14cb.jpg,Alluvial soil
150cb.jpg,Alluvial soil
151cb.jpg,Alluvial soil
152cb.jpg,Alluvial soil
153cb.jpg,Alluvial soil
154cb.jpg,Alluvial soil
155cb.jpg,Alluvial soil
156cb.jpg,Alluvial soil
157cb.jpg,Alluvial soil
158cb.jpg,Alluvial soil
159cb.jpg,Alluvial soil
15cb.jpg,Alluvial soil
160cb.jpg,Alluvial soil
161cb.jpg,Alluvial soil
162cb.jpg,Alluvial soil
163cb.jpg,Alluvial soil
164cb.jpg,Alluvial soil
165cb.jpg,Alluvial soil
166cb.jpg,Alluvial soil
167cb.jpg,Alluvial soil
168cb.jpg,Alluvial soil
169cb.jpg,Alluvial soil
16cb.jpg,Alluvial soil
170cb.jpg,Alluvial soil
171cb.jpg,Alluvial soil
172cb.jpg,Alluvial soil
173cb.jpg,Alluvial soil
174cb.jpg,Alluvial soil
175cb.jpg,Alluvial soil
176cb.jpg,Alluvial soil
177cb.jpg,Alluvial soil
178cb.jpg,Alluvial soil
179cb.jpg,Alluvial soil
17cb.jpg,Alluvial soil
180cb.jpg,Alluvial soil
181cb.jpg,Alluvial soil
182cb.jpg,Alluvial soil
183cb.jpg,Alluvial soil
184cb.jpg,Alluvial soil
185cb.jpg,Alluvial soil
186cb.jpg,Alluvial soil
187cb.jpg,Alluvial soil
188cb.jpg,Alluvial soil
189cb.jpg,Alluvial soil
18cb.jpg,Alluvial soil
190cb.jpg,Alluvial soil
191cb.jpg,Alluvial soil
192cb.jpg,Alluvial soil
193cb.jpg,Alluvial soil
194cb.jpg,Alluvial soil
195cb.jpg,Alluvial soil
196cb.jpg,Alluvial soil
197cb.jpg,Alluvial soil
198cb.jpg,Alluvial soil
199cb.jpg,Alluvial soil
19cb.jpg,Alluvial soil
1cb.jpg,Alluvial soil
200cb.jpg,Alluvial soil
201cb.jpg,Alluvial soil
202cb.jpg,Alluvial soil
203cb.jpg,Alluvial soil
204cb.jpg,Alluvial soil
205cb.jpg,Alluvial soil
206cb.jpg,Alluvial soil
207cb.jpg,Alluvial soil
208cb.jpg,Alluvial soil
209cb.jpg,Alluvial soil
20cb.jpg,Alluvial soil
210cb.jpg,Alluvial soil
211cb.jpg,Alluvial soil
212cb.jpg,Alluvial soil
213cb.jpg,Alluvial soil
214cb.jpg,Alluvial soil
215cb.jpg,Alluvial soil
216cb.jpg,Alluvial soil
217cb.jpg,Alluvial soil
218cb.jpg,Alluvial soil
219cb.jpg,Alluvial soil
21cb.jpg,Alluvial soil
220cb.jpg,Alluvial soil
221cb.jpg,Alluvial soil
222cb.jpg,Alluvial soil
223cb.jpg,Alluvial soil
224cb.jpg,Alluvial soil
225cb.jpg,Alluvial soil
226cb.jpg,Alluvial soil
227cb.jpg,Alluvial soil
228cb.jpg,Alluvial soil
229cb.jpg,Alluvial soil
22cb.jpg,Alluvial soil
230cb.jpg,Alluvial soil
231cb.jpg,Alluvial soil
232cb.jpg,Alluvial soil
233cb.jpg,Alluvial soil
234cb.jpg,Alluvial soil
235cb.jpg,Alluvial soil
236cb.jpg,Alluvial soil
237cb.jpg,Alluvial soil
238cb.jpg,Alluvial soil
239cb.jpg,Alluvial soil
23cb.jpg,Alluvial soil
240cb.jpg,Alluvial soil
241cb.jpg,Alluvial soil
242cb.jpg,Alluvial soil
243cb.jpg,Alluvial soil
244cb.jpg,Alluvial soil
245cb.jpg,Alluvial soil
246cb.jpg,Alluvial soil
247cb.jpg,Alluvial soil
248cb.jpg,Alluvial soil
249cb.jpg,Alluvial soil
24cb.jpg,Alluvial soil
250cb.jpg,Alluvial soil
251cb.jpg,Alluvial soil
252cb.jpg,Alluvial soil
253cb.jpg,Alluvial soil
254cb.jpg,Alluvial soil
255cb.jpg,Alluvial soil
256cb.jpg,Alluvial soil
257cb.jpg,Alluvial soil
258cb.jpg,Alluvial soil
259cb.jpg,Alluvial soil
25cb.jpg,Alluvial soil
260cb.jpg,Alluvial soil
261cb.jpg,Alluvial soil
262cb.jpg,Alluvial soil
263cb.jpg,Alluvial soil
264cb.jpg,Alluvial soil
265cb.jpg,Alluvial soil
266cb.jpg,Alluvial soil
267cb.jpg,Alluvial soil
268cb.jpg,Alluvial soil
269cb.jpg,Alluvial soil
26cb.jpg,Alluvial soil
270cb.jpg,Alluvial soil
271cb.jpg,Alluvial soil
272cb.jpg,Alluvial soil
273cb.jpg,Alluvial soil
274cb.jpg,Alluvial soil
275cb.jpg,Alluvial soil
276cb.jpg,Alluvial soil
277cb.jpg,Alluvial soil
278cb.jpg,Alluvial soil
279cb.jpg,Alluvial soil
27cb.jpg,Alluvial soil
280cb.jpg,Alluvial soil
281cb.jpg,Alluvial soil
282cb.jpg,Alluvial soil
283cb.jpg,Alluvial soil
284cb.jpg,Alluvial soil
285cb.jpg,Alluvial soil
286cb.jpg,Alluvial soil
287cb.jpg,Alluvial soil
288cb.jpg,Alluvial soil
289cb.jpg,Alluvial soil
28cb.jpg,Alluvial soil
290cb.jpg,Alluvial soil
291cb.jpg,Alluvial soil
292cb.jpg,Alluvial soil
293cb.jpg,Alluvial soil
294cb.jpg,Alluvial soil
295cb.jpg,Alluvial soil
296cb.jpg,Alluvial soil
297cb.jpg,Alluvial soil
298cb.jpg,Alluvial soil
299cb.jpg,Alluvial soil
29cb.jpg,Alluvial soil
2cb.jpg,Alluvial soil
300cb.jpg,Alluvial soil
301cb.jpg,Alluvial soil
302cb.jpg,Alluvial soil
303cb.jpg,Alluvial soil
304cb.jpg,Alluvial soil
305cb.jpg,Alluvial soil
306cb.jpg,Alluvial soil
307cb.jpg,Alluvial soil
308cb.jpg,Alluvial soil
309cb.jpg,Alluvial soil
30cb.jpg,Alluvial soil
310cb.jpg,Alluvial soil
311cb.jpg,Alluvial soil
312cb.jpg,Alluvial soil
313cb.jpg,Alluvial soil
314cb.jpg,Alluvial soil
315cb.jpg,Alluvial soil
316cb.jpg,Alluvial soil
317cb.jpg,Alluvial soil
318cb.jpg,Alluvial soil
319cb.jpg,Alluvial soil
31cb.jpg,Alluvial soil
320cb.jpg,Alluvial soil
321cb.jpg,Alluvial soil
322cb.jpg,Alluvial soil
323cb.jpg,Alluvial soil
324cb.jpg,Alluvial soil
325cb.jpg,Alluvial soil
326cb.jpg,Alluvial soil
327cb.jpg,Alluvial soil
328cb.jpg,Alluvial soil
329cb.jpg,Alluvial soil
32cb.jpg,Alluvial soil
330cb.jpg,Alluvial soil
331cb.jpg,Alluvial soil
332cb.jpg,Alluvial soil
333cb.jpg,Alluvial soil
334cb.jpg,Alluvial soil
335cb.jpg,Alluvial soil
336cb.jpg,Alluvial soil
337cb.jpg,Alluvial soil
338cb.jpg,Alluvial soil
339cb.jpg,Alluvial soil
33cb.jpg,Alluvial soil
340cb.jpg,Alluvial soil
341cb.jpg,Alluvial soil
342cb.jpg,Alluvial soil
343cb.jpg,Alluvial soil
344cb.jpg,Alluvial soil
345cb.jpg,Alluvial soil
346cb.jpg,Alluvial soil
347cb.jpg,Alluvial soil
348cb.jpg,Alluvial soil
349cb.jpg,Alluvial soil
34cb.jpg,Alluvial soil
350cb.jpg,Alluvial soil
351cb.jpg,Alluvial soil
352cb.jpg,Alluvial soil
353cb.jpg,Alluvial soil
354cb.jpg,Alluvial soil
355cb.jpg,Alluvial soil
356cb.jpg,Alluvial soil
357cb.jpg,Alluvial soil
358cb.jpg,Alluvial soil
359cb.jpg,Alluvial soil
35cb.jpg,Alluvial soil
360cb.jpg,Alluvial soil
361cb.jpg,Alluvial soil
362cb.jpg,Alluvial soil
363cb.jpg,Alluvial soil
364cb.jpg,Alluvial soil
365cb.jpg,Alluvial soil
366cb.jpg,Alluvial soil
367cb.jpg,Alluvial soil
368cb.jpg,Alluvial soil
369cb.jpg,Alluvial soil
36cb.jpg,Alluvial soil
370cb.jpg,Alluvial soil
371cb.jpg,Alluvial soil
372cb.jpg,Alluvial soil
373cb.jpg,Alluvial soil
374cb.jpg,Alluvial soil
375cb.jpg,Alluvial soil
376cb.jpg,Alluvial soil
377cb.jpg,Alluvial soil
378cb.jpg,Alluvial soil
379cb.jpg,Alluvial soil
37cb.jpg,Alluvial soil
380cb.jpg,Alluvial soil
381cb.jpg,Alluvial soil
382cb.jpg,Alluvial soil
383cb.jpg,Alluvial soil
384cb.jpg,Alluvial soil
385cb.jpg,Alluvial soil
386cb.jpg,Alluvial soil
387cb.jpg,Alluvial soil
388cb.jpg,Alluvial soil
389cb.jpg,Alluvial soil
38cb.jpg,Alluvial soil
390cb.jpg,Alluvial soil
391cb.jpg,Alluvial soil
392cb.jpg,Alluvial soil
393cb.jpg,Alluvial soil
394cb.jpg,Alluvial soil
395cb.jpg,Alluvial soil
396cb.jpg,Alluvial soil
397cb.jpg,Alluvial soil
398cb.jpg,Alluvial soil
399cb.jpg,Alluvial soil
39cb.jpg,Alluvial soil
3cb.jpg,Alluvial soil
400cb.jpg,Alluvial soil
401cb.jpg,Alluvial soil
402cb.jpg,Alluvial soil
403cb.jpg,Alluvial soil
404cb.jpg,Alluvial soil
405cb.jpg,Alluvial soil
406cb.jpg,Alluvial soil
407cb.jpg,Alluvial soil
408cb.jpg,Alluvial soil
409cb.jpg,Alluvial soil
40cb.jpg,Alluvial soil
410cb.jpg,Alluvial soil
411cb.jpg,Alluvial soil
412cb.jpg,Alluvial soil
413cb.jpg,Alluvial soil
414cb.jpg,Alluvial soil
415cb.jpg,Alluvial soil
416cb.jpg,Alluvial soil
417cb.jpg,Alluvial soil
418cb.jpg,Alluvial soil
419cb.jpg,Alluvial soil
41cb.jpg,Alluvial soil
420cb.jpg,Alluvial soil
421cb.jpg,Alluvial soil
422cb.jpg,Alluvial soil
423cb.jpg,Alluvial soil
424cb.jpg,Alluvial soil
425cb.jpg,Alluvial soil
426cb.jpg,Alluvial soil
427cb.jpg,Alluvial soil
428cb.jpg,Alluvial soil
429cb.jpg,Alluvial soil
42cb.jpg,Alluvial soil
430cb.jpg,Alluvial soil
431cb.jpg,Alluvial soil
432cb.jpg,Alluvial soil
433cb.jpg,Alluvial soil
434cb.jpg,Alluvial soil
435cb.jpg,Alluvial soil
436cb.jpg,Alluvial soil
437cb.jpg,Alluvial soil
438cb.jpg,Alluvial soil
439cb.jpg,Alluvial soil
43cb.jpg,Alluvial soil
440cb.jpg,Alluvial soil
441cb.jpg,Alluvial soil
442cb.jpg,Alluvial soil
443cb.jpg,Alluvial soil
444cb.jpg,Alluvial soil
445cb.jpg,Alluvial soil
446cb.jpg,Alluvial soil
447cb.jpg,Alluvial soil
448cb.jpg,Alluvial soil
449cb.jpg,Alluvial soil
44cb.jpg,Alluvial soil
450cb.jpg,Alluvial soil
451cb.jpg,Alluvial soil
452cb.jpg,Alluvial soil
453cb.jpg,Alluvial soil
454cb.jpg,Alluvial soil
455cb.jpg,Alluvial soil
456cb.jpg,Alluvial soil
457cb.jpg,Alluvial soil
458cb.jpg,Alluvial soil
459cb.jpg,Alluvial soil
45cb.jpg,Alluvial soil
460cb.jpg,Alluvial soil
461cb.jpg,Alluvial soil
462cb.jpg,Alluvial soil
463cb.jpg,Alluvial soil
464cb.jpg,Alluvial soil
465cb.jpg,Alluvial soil
466cb.jpg,Alluvial soil
467cb.jpg,Alluvial soil
468cb.jpg,Alluvial soil
469cb.jpg,Alluvial soil
46cb.jpg,Alluvial soil
470cb.jpg,Alluvial soil
471cb.jpg,Alluvial soil
472cb.jpg,Alluvial soil
473cb.jpg,Alluvial soil
474cb.jpg,Alluvial soil
475cb.jpg,Alluvial soil
476cb.jpg,Alluvial soil
477cb.jpg,Alluvial soil
478cb.jpg,Alluvial soil
479cb.jpg,Alluvial soil
47cb.jpg,Alluvial soil
480cb.jpg,Alluvial soil
481cb.jpg,Alluvial soil
482cb.jpg,Alluvial soil
483cb.jpg,Alluvial soil
484cb.jpg,Alluvial soil
485cb.jpg,Alluvial soil
486cb.jpg,Alluvial soil
487cb.jpg,Alluvial soil
488cb.jpg,Alluvial soil
489cb.jpg,Alluvial soil
48cb.jpg,Alluvial soil
490cb.jpg,Alluvial soil
491cb.jpg,Alluvial soil
492cb.jpg,Alluvial soil
493cb.jpg,Alluvial soil
494cb.jpg,Alluvial soil
495cb.jpg,Alluvial soil
496cb.jpg,Alluvial soil
497cb.jpg,Alluvial soil
498cb.jpg,Alluvial soil
499cb.jpg,Alluvial soil
49cb.jpg,Alluvial soil
4cb.jpg,Alluvial soil
500cb.jpg,Alluvial soil
501cb.jpg,Alluvial soil
502cb.jpg,Alluvial soil
503cb.jpg,Alluvial soil
504cb.jpg,Alluvial soil
505cb.jpg,Alluvial soil
506cb.jpg,Alluvial soil
507cb.jpg,Alluvial soil
508cb.jpg,Alluvial soil
509cb.jpg,Alluvial soil
50cb.jpg,Alluvial soil
510cb.jpg,Alluvial soil
511cb.jpg,Alluvial soil
512cb.jpg,Alluvial soil
513cb.jpg,Alluvial soil
514cb.jpg,Alluvial soil
515cb.jpg,Alluvial soil
516cb.jpg,Alluvial soil
517cb.jpg,Alluvial soil
518cb.jpg,Alluvial soil
519cb.jpg,Alluvial soil
51cb.jpg,Alluvial soil
520cb.jpg,Alluvial soil
521cb.jpg,Alluvial soil
522cb.jpg,Alluvial soil
523cb.jpg,Alluvial soil
524cb.jpg,Alluvial soil
525cb.jpg,Alluvial soil
526cb.jpg,Alluvial soil
527cb.jpg,Alluvial soil
528cb.jpg,Alluvial soil
52cb.jpg,Alluvial soil
53cb.jpg,Alluvial soil
54cb.jpg,Alluvial soil
55cb.jpg,Alluvial soil
56cb.jpg,Alluvial soil
57cb.jpg,Alluvial soil
58cb.jpg,Alluvial soil
59cb.jpg,Alluvial soil
5cb.jpg,Alluvial soil
60cb.jpg,Alluvial soil
61cb.jpg,Alluvial soil
62cb.jpg,Alluvial soil
63cb.jpg,Alluvial soil
64cb.jpg,Alluvial soil
65cb.jpg,Alluvial soil
66cb.jpg,Alluvial soil
67cb.jpg,Alluvial soil
68cb.jpg,Alluvial soil
69cb.jpg,Alluvial soil
6cb.jpg,Alluvial soil
70cb.jpg,Alluvial soil
71cb.jpg,Alluvial soil
72cb.jpg,Alluvial soil
73cb.jpg,Alluvial soil
74cb.jpg,Alluvial soil
75cb.jpg,Alluvial soil
76cb.jpg,Alluvial soil
77cb.jpg,Alluvial soil
78cb.jpg,Alluvial soil
79cb.jpg,Alluvial soil
7cb.jpg,Alluvial soil
80cb.jpg,Alluvial soil
81cb.jpg,Alluvial soil
82cb.jpg,Alluvial soil
83cb.jpg,Alluvial soil
84cb.jpg,Alluvial soil
85cb.jpg,Alluvial soil
86cb.jpg,Alluvial soil
87cb.jpg,Alluvial soil
88cb.jpg,Alluvial soil
89cb.jpg,Alluvial soil
8cb.jpg,Alluvial soil
90cb.jpg,Alluvial soil
91cb.jpg,Alluvial soil
92cb.jpg,Alluvial soil
93cb.jpg,Alluvial soil
94cb.jpg,Alluvial soil
95cb.jpg,Alluvial soil
96cb.jpg,Alluvial soil
97cb.jpg,Alluvial soil
98cb.jpg,Alluvial soil
99cb.jpg,Alluvial soil
9cb.jpg,Alluvial soil
529cb.jpg,Black Soil
530cb.jpg,Black Soil
531cb.jpg,Black Soil
532cb.jpg,Black Soil
533cb.jpg,Black Soil
534cb.jpg,Black Soil
535cb.jpg,Black Soil
536cb.jpg,Black Soil
537cb.jpg,Black Soil
538cb.jpg,Black Soil
539cb.jpg,Black Soil
540cb.jpg,Black Soil
541cb.jpg,Black Soil
542cb.jpg,Black Soil
543cb.jpg,Black Soil
544cb.jpg,Black Soil
545cb.jpg,Black Soil
546cb.jpg,Black Soil
547cb.jpg,Black Soil
548cb.jpg,Black Soil
549cb.jpg,Black Soil
550cb.jpg,Black Soil
551cb.jpg,Black Soil
552cb.jpg,Black Soil
553cb.jpg,Black Soil
554cb.jpg,Black Soil
555cb.jpg,Black Soil
556cb.jpg,Black Soil
557cb.jpg,Black Soil
558cb.jpg,Black Soil
559cb.jpg,Black Soil
560cb.jpg,Black Soil
561cb.jpg,Black Soil
562cb.jpg,Black Soil
563cb.jpg,Black Soil
564cb.jpg,Black Soil
565cb.jpg,Black Soil
566cb.jpg,Black Soil
567cb.jpg,Black Soil
568cb.jpg,Black Soil
569cb.jpg,Black Soil
570cb.jpg,Black Soil
571cb.jpg,Black Soil
572cb.jpg,Black Soil
573cb.jpg,Black Soil
574cb.jpg,Black Soil
575cb.jpg,Black Soil
576cb.jpg,Black Soil
577cb.jpg,Black Soil
578cb.jpg,Black Soil
579cb.jpg,Black Soil
580cb.jpg,Black Soil
581cb.jpg,Black Soil
582cb.jpg,Black Soil
583cb.jpg,Black Soil
584cb.jpg,Black Soil
585cb.jpg,Black Soil
586cb.jpg,Black Soil
587cb.jpg,Black Soil
588cb.jpg,Black Soil
589cb.jpg,Black Soil
590cb.jpg,Black Soil
591cb.jpg,Black Soil
592cb.jpg,Black Soil
593cb.jpg,Black Soil
594cb.jpg,Black Soil
595cb.jpg,Black Soil
596cb.jpg,Black Soil
597cb.jpg,Black Soil
598cb.jpg,Black Soil
599cb.jpg,Black Soil
600cb.jpg,Black Soil
601cb.jpg,Black Soil
602cb.jpg,Black Soil
603cb.jpg,Black Soil
604cb.jpg,Black Soil
605cb.jpg,Black Soil
606cb.jpg,Black Soil
607cb.jpg,Black Soil
608cb.jpg,Black Soil
609cb.jpg,Black Soil
610cb.jpg,Black Soil
611cb.jpg,Black Soil
612cb.jpg,Black Soil
613cb.jpg,Black Soil
614cb.jpg,Black Soil
615cb.jpg,Black Soil
616cb.jpg,Black Soil
617cb.jpg,Black Soil
618cb.jpg,Black Soil
619cb.jpg,Black Soil
620cb.jpg,Black Soil
621cb.jpg,Black Soil
622cb.jpg,Black Soil
623cb.jpg,Black Soil
624cb.jpg,Black Soil
625cb.jpg,Black Soil
626cb.jpg,Black Soil
627cb.jpg,Black Soil
628cb.jpg,Black Soil
629cb.jpg,Black Soil
630cb.jpg,Black Soil
631cb.jpg,Black Soil
632cb.jpg,Black Soil
633cb.jpg,Black Soil
634cb.jpg,Black Soil
635cb.jpg,Black Soil
636cb.jpg,Black Soil
637cb.jpg,Black Soil
638cb.jpg,Black Soil
639cb.jpg,Black Soil
640cb.jpg,Black Soil
641cb.jpg,Black Soil
642cb.jpg,Black Soil
643cb.jpg,Black Soil
644cb.jpg,Black Soil
645cb.jpg,Black Soil
646cb.jpg,Black Soil
647cb.jpg,Black Soil
648cb.jpg,Black Soil
649cb.jpg,Black Soil
650cb.jpg,Black Soil
651cb.jpg,Black Soil
652cb.jpg,Black Soil
653cb.jpg,Black Soil
654cb.jpg,Black Soil
655cb.jpg,Black Soil
656cb.jpg,Black Soil
657cb.jpg,Black Soil
658cb.jpg,Black Soil
659cb.jpg,Black Soil
660cb.jpg,Black Soil
661cb.jpg,Black Soil
662cb.jpg,Black Soil
663cb.jpg,Black Soil
664cb.jpg,Black Soil
665cb.jpg,Black Soil
666cb.jpg,Black Soil
667cb.jpg,Black Soil
668cb.jpg,Black Soil
669cb.jpg,Black Soil
670cb.jpg,Black Soil
671cb.jpg,Black Soil
672cb.jpg,Black Soil
673cb.jpg,Black Soil
674cb.jpg,Black Soil
675cb.jpg,Black Soil
676cb.jpg,Black Soil
677cb.jpg,Black Soil
678cb.jpg,Black Soil
679cb.jpg,Black Soil
680cb.jpg,Black Soil
681cb.jpg,Black Soil
682cb.jpg,Black Soil
683cb.jpg,Black Soil
684cb.jpg,Black Soil
685cb.jpg,Black Soil
686cb.jpg,Black Soil
687cb.jpg,Black Soil
688cb.jpg,Black Soil
689cb.jpg,Black Soil
690cb.jpg,Black Soil
691cb.jpg,Black Soil
692cb.jpg,Black Soil
693cb.jpg,Black Soil
694cb.jpg,Black Soil
695cb.jpg,Black Soil
696cb.jpg,Black Soil
697cb.jpg,Black Soil
698cb.jpg,Black Soil
699cb.jpg,Black Soil
700cb.jpg,Black Soil
701cb.jpg,Black Soil
702cb.jpg,Black Soil
703cb.jpg,Black Soil
704cb.jpg,Black Soil
705cb.jpg,Black Soil
706cb.jpg,Black Soil
707cb.jpg,Black Soil
708cb.jpg,Black Soil
709cb.jpg,Black Soil
710cb.jpg,Black Soil
711cb.jpg,Black Soil
712cb.jpg,Black Soil
713cb.jpg,Black Soil
714cb.jpg,Black Soil
715cb.jpg,Black Soil
716cb.jpg,Black Soil
717cb.jpg,Black Soil
718cb.jpg,Black Soil
719cb.jpg,Black Soil
720cb.jpg,Black Soil
721cb.jpg,Black Soil
722cb.jpg,Black Soil
723cb.jpg,Black Soil
724cb.jpg,Black Soil
725cb.jpg,Black Soil
726cb.jpg,Black Soil
727cb.jpg,Black Soil
728cb.jpg,Black Soil
729cb.jpg,Black Soil
730cb.jpg,Black Soil
731cb.jpg,Black Soil
732cb.jpg,Black Soil
733cb.jpg,Black Soil
734cb.jpg,Black Soil
735cb.jpg,Black Soil
736cb.jpg,Black Soil
737cb.jpg,Black Soil
738cb.jpg,Black Soil
739cb.jpg,Black Soil
740cb.jpg,Black Soil
741cb.jpg,Black Soil
742cb.jpg,Black Soil
743cb.jpg,Black Soil
744cb.jpg,Black Soil
745cb.jpg,Black Soil
746cb.jpg,Black Soil
747cb.jpg,Black Soil
748cb.jpg,Black Soil
749cb.jpg,Black Soil
750cb.jpg,Black Soil
751cb.jpg,Black Soil
752cb.jpg,Black Soil
753cb.jpg,Black Soil
754cb.jpg,Black Soil
755cb.jpg,Black Soil
756cb.jpg,Black Soil
757cb.jpg,Black Soil
758cb.jpg,Black Soil
759cb.jpg,Black Soil
760cb.jpg,Clay soil
761cb.jpg,Clay soil
762cb.jpg,Clay soil
763cb.jpg,Clay soil
764cb.jpg,Clay soil
765cb.jpg,Clay soil
766cb.jpg,Clay soil
767cb.jpg,Clay soil
768cb.jpg,Clay soil
769cb.jpg,Clay soil
770cb.jpg,Clay soil
771cb.jpg,Clay soil
772cb.jpg,Clay soil
773cb.jpg,Clay soil
774cb.jpg,Clay soil
775cb.jpg,Clay soil
776cb.jpg,Clay soil
777cb.jpg,Clay soil
778cb.jpg,Clay soil
779cb.jpg,Clay soil
780cb.jpg,Clay soil
781cb.jpg,Clay soil
782cb.jpg,Clay soil
783cb.jpg,Clay soil
784cb.jpg,Clay soil
785cb.jpg,Clay soil
786cb.jpg,Clay soil
787cb.jpg,Clay soil
788cb.jpg,Clay soil
789cb.jpg,Clay soil
790cb.jpg,Clay soil
791cb.jpg,Clay soil
792cb.jpg,Clay soil
793cb.jpg,Clay soil
794cb.jpg,Clay soil
795cb.jpg,Clay soil
796cb.jpg,Clay soil
797cb.jpg,Clay soil
798cb.jpg,Clay soil
799cb.jpg,Clay soil
800cb.jpg,Clay soil
801cb.jpg,Clay soil
802cb.jpg,Clay soil
803cb.jpg,Clay soil
804cb.jpg,Clay soil
805cb.jpg,Clay soil
806cb.jpg,Clay soil
807cb.jpg,Clay soil
808cb.jpg,Clay soil
809cb.jpg,Clay soil
810cb.jpg,Clay soil
811cb.jpg,Clay soil
812cb.jpg,Clay soil
813cb.jpg,Clay soil
814cb.jpg,Clay soil
815cb.jpg,Clay soil
816cb.jpg,Clay soil
817cb.jpg,Clay soil
818cb.jpg,Clay soil
819cb.jpg,Clay soil
820cb.jpg,Clay soil
821cb.jpg,Clay soil
822cb.jpg,Clay soil
823cb.jpg,Clay soil
824cb.jpg,Clay soil
825cb.jpg,Clay soil
826cb.jpg,Clay soil
827cb.jpg,Clay soil
828cb.jpg,Clay soil
829cb.jpg,Clay soil
830cb.jpg,Clay soil
831cb.jpg,Clay soil
832cb.jpg,Clay soil
833cb.jpg,Clay soil
834cb.jpg,Clay soil
835cb.jpg,Clay soil
836cb.jpg,Clay soil
837cb.jpg,Clay soil
838cb.jpg,Clay soil
839cb.jpg,Clay soil
840cb.jpg,Clay soil
841cb.jpg,Clay soil
842cb.jpg,Clay soil
843cb.jpg,Clay soil
844cb.jpg,Clay soil
845cb.jpg,Clay soil
846cb.jpg,Clay soil
847cb.jpg,Clay soil
848cb.jpg,Clay soil
849cb.jpg,Clay soil
850cb.jpg,Clay soil
851cb.jpg,Clay soil
852cb.jpg,Clay soil
853cb.jpg,Clay soil
854cb.jpg,Clay soil
855cb.jpg,Clay soil
856cb.jpg,Clay soil
857cb.jpg,Clay soil
858cb.jpg,Clay soil
859cb.jpg,Clay soil
860cb.jpg,Clay soil
861cb.jpg,Clay soil
862cb.jpg,Clay soil
863cb.jpg,Clay soil
864cb.jpg,Clay soil
865cb.jpg,Clay soil
866cb.jpg,Clay soil
867cb.jpg,Clay soil
868cb.jpg,Clay soil
869cb.jpg,Clay soil
870cb.jpg,Clay soil
871cb.jpg,Clay soil
872cb.jpg,Clay soil
873cb.jpg,Clay soil
874cb.jpg,Clay soil
875cb.jpg,Clay soil
876cb.jpg,Clay soil
877cb.jpg,Clay soil
878cb.jpg,Clay soil
879cb.jpg,Clay soil
880cb.jpg,Clay soil
881cb.jpg,Clay soil
882cb.jpg,Clay soil
883cb.jpg,Clay soil
884cb.jpg,Clay soil
885cb.jpg,Clay soil
886cb.jpg,Clay soil
887cb.jpg,Clay soil
888cb.jpg,Clay soil
889cb.jpg,Clay soil
890cb.jpg,Clay soil
891cb.jpg,Clay soil
892cb.jpg,Clay soil
893cb.jpg,Clay soil
894cb.jpg,Clay soil
895cb.jpg,Clay soil
896cb.jpg,Clay soil
897cb.jpg,Clay soil
898cb.jpg,Clay soil
899cb.jpg,Clay soil
900cb.jpg,Clay soil
901cb.jpg,Clay soil
902cb.jpg,Clay soil
903cb.jpg,Clay soil
904cb.jpg,Clay soil
905cb.jpg,Clay soil
906cb.jpg,Clay soil
907cb.jpg,Clay soil
908cb.jpg,Clay soil
909cb.jpg,Clay soil
910cb.jpg,Clay soil
911cb.jpg,Clay soil
912cb.jpg,Clay soil
913cb.jpg,Clay soil
914cb.jpg,Clay soil
915cb.jpg,Clay soil
916cb.jpg,Clay soil
917cb.jpg,Clay soil
918cb.jpg,Clay soil
919cb.jpg,Clay soil
920cb.jpg,Clay soil
921cb.jpg,Clay soil
922cb.jpg,Clay soil
923cb.jpg,Clay soil
924cb.jpg,Clay soil
925cb.jpg,Clay soil
926cb.jpg,Clay soil
927cb.jpg,Clay soil
928cb.jpg,Clay soil
929cb.jpg,Clay soil
930cb.jpg,Clay soil
931cb.jpg,Clay soil
932cb.jpg,Clay soil
933cb.jpg,Clay soil
934cb.jpg,Clay soil
935cb.jpg,Clay soil
936cb.jpg,Clay soil
937cb.jpg,Clay soil
938cb.jpg,Clay soil
939cb.jpg,Clay soil
940cb.jpg,Clay soil
941cb.jpg,Clay soil
942cb.jpg,Clay soil
943cb.jpg,Clay soil
944cb.jpg,Clay soil
945cb.jpg,Clay soil
946cb.jpg,Clay soil
947cb.jpg,Clay soil
948cb.jpg,Clay soil
949cb.jpg,Clay soil
950cb.jpg,Clay soil
951cb.jpg,Clay soil
952cb.jpg,Clay soil
953cb.jpg,Clay soil
954cb.jpg,Clay soil
955cb.jpg,Clay soil
956cb.jpg,Clay soil
957cb.jpg,Clay soil
958cb.jpg,Clay soil
1000cb.jpg,Red soil
1001cb.jpg,Red soil
1002cb.jpg,Red soil
1003cb.jpg,Red soil
1004cb.jpg,Red soil
1005cb.jpg,Red soil
1006cb.jpg,Red soil
1007cb.jpg,Red soil
1008cb.jpg,Red soil
1009cb.jpg,Red soil
1010cb.jpg,Red soil
1011cb.jpg,Red soil
1012cb.jpg,Red soil
1013cb.jpg,Red soil
1014cb.jpg,Red soil
1015cb.jpg,Red soil
1016cb.jpg,Red soil
1017cb.jpg,Red soil
1018cb.jpg,Red soil
1019cb.jpg,Red soil
1020cb.jpg,Red soil
1021cb.jpg,Red soil
1022cb.jpg,Red soil
1023cb.jpg,Red soil
1024cb.jpg,Red soil
1025cb.jpg,Red soil
1026cb.jpg,Red soil
1027cb.jpg,Red soil
1028cb.jpg,Red soil
1029cb.jpg,Red soil
1030cb.jpg,Red soil
1031cb.jpg,Red soil
1032cb.jpg,Red soil
1033cb.jpg,Red soil
1034cb.jpg,Red soil
1035cb.jpg,Red soil
1036cb.jpg,Red soil
1037cb.jpg,Red soil
1038cb.jpg,Red soil
1039cb.jpg,Red soil
1040cb.jpg,Red soil
1041cb.jpg,Red soil
1042cb.jpg,Red soil
1043cb.jpg,Red soil
1044cb.jpg,Red soil
1045cb.jpg,Red soil
1046cb.jpg,Red soil
1047cb.jpg,Red soil
1048cb.jpg,Red soil
1049cb.jpg,Red soil
1050cb.jpg,Red soil
1051cb.jpg,Red soil
1052cb.jpg,Red soil
1053cb.jpg,Red soil
1054cb.jpg,Red soil
1055cb.jpg,Red soil
1056cb.jpg,Red soil
1057cb.jpg,Red soil
1058cb.jpg,Red soil
1059cb.jpg,Red soil
1060cb.jpg,Red soil
1061cb.jpg,Red soil
1062cb.jpg,Red soil
1063cb.jpg,Red soil
1064cb.jpg,Red soil
1065cb.jpg,Red soil
1066cb.jpg,Red soil
1067cb.jpg,Red soil
1068cb.jpg,Red soil
1069cb.jpg,Red soil
1070cb.jpg,Red soil
1071cb.jpg,Red soil
1072cb.jpg,Red soil
1073cb.jpg,Red soil
1074cb.jpg,Red soil
1075cb.jpg,Red soil
1076cb.jpg,Red soil
1077cb.jpg,Red soil
1078cb.jpg,Red soil
1079cb.jpg,Red soil
1080cb.jpg,Red soil
1081cb.jpg,Red soil
1082cb.jpg,Red soil
1083cb.jpg,Red soil
1084cb.jpg,Red soil
1085cb.jpg,Red soil
1086cb.jpg,Red soil
1087cb.jpg,Red soil
1088cb.jpg,Red soil
1089cb.jpg,Red soil
1090cb.jpg,Red soil
1091cb.jpg,Red soil
1092cb.jpg,Red soil
1093cb.jpg,Red soil
1094cb.jpg,Red soil
1095cb.jpg,Red soil
1096cb.jpg,Red soil
1097cb.jpg,Red soil
1098cb.jpg,Red soil
1099cb.jpg,Red soil
1100cb.jpg,Red soil
1101cb.jpg,Red soil
1102cb.jpg,Red soil
1103cb.jpg,Red soil
1104cb.jpg,Red soil
1105cb.jpg,Red soil
1106cb.jpg,Red soil
1107cb.jpg,Red soil
1108cb.jpg,Red soil
1109cb.jpg,Red soil
1110cb.jpg,Red soil
1111cb.jpg,Red soil
1112cb.jpg,Red soil
1113cb.jpg,Red soil
1114cb.jpg,Red soil
1115cb.jpg,Red soil
1116cb.jpg,Red soil
1117cb.jpg,Red soil
1118cb.jpg,Red soil
1119cb.jpg,Red soil
1120cb.jpg,Red soil
1121cb.jpg,Red soil
1122cb.jpg,Red soil
1123cb.jpg,Red soil
1124cb.jpg,Red soil
1125cb.jpg,Red soil
1126cb.jpg,Red soil
1127cb.jpg,Red soil
1128cb.jpg,Red soil
1129cb.jpg,Red soil
1130cb.jpg,Red soil
1131cb.jpg,Red soil
1132cb.jpg,Red soil
1133cb.jpg,Red soil
1134cb.jpg,Red soil
1135cb.jpg,Red soil
1136cb.jpg,Red soil
1137cb.jpg,Red soil
1138cb.jpg,Red soil
1139cb.jpg,Red soil
1140cb.jpg,Red soil
1141cb.jpg,Red soil
1142cb.jpg,Red soil
1143cb.jpg,Red soil
1144cb.jpg,Red soil
1145cb.jpg,Red soil
1146cb.jpg,Red soil
1147cb.jpg,Red soil
1148cb.jpg,Red soil
1149cb.jpg,Red soil
1150cb.jpg,Red soil
1151cb.jpg,Red soil
1152cb.jpg,Red soil
1153cb.jpg,Red soil
1154cb.jpg,Red soil
1155cb.jpg,Red soil
1156cb.jpg,Red soil
1157cb.jpg,Red soil
1158cb.jpg,Red soil
1159cb.jpg,Red soil
1160cb.jpg,Red soil
1161cb.jpg,Red soil
1162cb.jpg,Red soil
1163cb.jpg,Red soil
1164cb.jpg,Red soil
1165cb.jpg,Red soil
1166cb.jpg,Red soil
1167cb.jpg,Red soil
1168cb.jpg,Red soil
1169cb.jpg,Red soil
1170cb.jpg,Red soil
1171cb.jpg,Red soil
1172cb.jpg,Red soil
1173cb.jpg,Red soil
1174cb.jpg,Red soil
1175cb.jpg,Red soil
1176cb.jpg,Red soil
1177cb.jpg,Red soil
1178cb.jpg,Red soil
1179cb.jpg,Red soil
1180cb.jpg,Red soil
1181cb.jpg,Red soil
1182cb.jpg,Red soil
1183cb.jpg,Red soil
1184cb.jpg,Red soil
1185cb.jpg,Red soil
1186cb.jpg,Red soil
1187cb.jpg,Red soil
1188cb.jpg,Red soil
1189cb.jpg,Red soil
1190cb.jpg,Red soil
1191cb.jpg,Red soil
1192cb.jpg,Red soil
1193cb.jpg,Red soil
1194cb.jpg,Red soil
1195cb.jpg,Red soil
1196cb.jpg,Red soil
1197cb.jpg,Red soil
1198cb.jpg,Red soil
1199cb.jpg,Red soil
1200cb.jpg,Red soil
1201cb.jpg,Red soil
1202cb.jpg,Red soil
1203cb.jpg,Red soil
1204cb.jpg,Red soil
1205cb.jpg,Red soil
1206cb.jpg,Red soil
1207cb.jpg,Red soil
1208cb.jpg,Red soil
1209cb.jpg,Red soil
1210cb.jpg,Red soil
1211cb.jpg,Red soil
1212cb.jpg,Red soil
1213cb.jpg,Red soil
1214cb.jpg,Red soil
1215cb.jpg,Red soil
1216cb.jpg,Red soil
1217cb.jpg,Red soil
1218cb.jpg,Red soil
1219cb.jpg,Red soil
1220cb.jpg,Red soil
1221cb.jpg,Red soil
1222cb.jpg,Red soil
959cb.jpg,Red soil
960cb.jpg,Red soil
961cb.jpg,Red soil
962cb.jpg,Red soil
963cb.jpg,Red soil
964cb.jpg,Red soil
965cb.jpg,Red soil
966cb.jpg,Red soil
967cb.jpg,Red soil
968cb.jpg,Red soil
969cb.jpg,Red soil
970cb.jpg,Red soil
971cb.jpg,Red soil
972cb.jpg,Red soil
973cb.jpg,Red soil
974cb.jpg,Red soil
975cb.jpg,Red soil
976cb.jpg,Red soil
977cb.jpg,Red soil
978cb.jpg,Red soil
979cb.jpg,Red soil
980cb.jpg,Red soil
981cb.jpg,Red soil
982cb.jpg,Red soil
983cb.jpg,Red soil
984cb.jpg,Red soil
985cb.jpg,Red soil
986cb.jpg,Red soil
987cb.jpg,Red soil
988cb.jpg,Red soil
989cb.jpg,Red soil
990cb.jpg,Red soil
991cb.jpg,Red soil
992cb.jpg,Red soil
993cb.jpg,Red soil
994cb.jpg,Red soil
995cb.jpg,Red soil
996cb.jpg,Red soil
997cb.jpg,Red soil
998cb.jpg,Red soil
999cb.jpg,Red soil
